design,constraint,outcome,estimate,block_length_days,bootstrap_lower_95,bootstrap_upper_95,hac_lags,hac_standard_error,hac_z,hac_two_sided_p,bootstrap_resamples,bootstrap_seed
Fixed training weights; daily target-weight rebalancing,Unconstrained,RIE_minus_Sample_annualized_Sharpe,-0.024831988100073893,10,-0.04731338556789767,-0.0013476310052913918,20,0.010221737109666808,-2.429331515148243,0.015126693774267704,20000,20260940
Fixed training weights; daily target-weight rebalancing,Unconstrained,RIE_minus_Sample_daily_volatility_percentage_points,-0.0046192052433089575,10,-0.007148811087206868,-0.0014832007102289393,20,0.001586216582585532,-2.912089870968097,0.0035901932373591373,20000,20260940
Fixed training weights; daily target-weight rebalancing,Unconstrained,RIE_minus_Sample_annualized_Sharpe,-0.024831988100073893,20,-0.04508020689819257,-0.003813798087874844,20,0.010221737109666808,-2.429331515148243,0.015126693774267704,20000,20260950
Fixed training weights; daily target-weight rebalancing,Unconstrained,RIE_minus_Sample_daily_volatility_percentage_points,-0.0046192052433089575,20,-0.007130269697218821,-0.001127789903878897,20,0.001586216582585532,-2.912089870968097,0.0035901932373591373,20000,20260950
Fixed training weights; daily target-weight rebalancing,Unconstrained,RIE_minus_Sample_annualized_Sharpe,-0.024831988100073893,42,-0.045652758671955215,-0.004825052227628893,20,0.010221737109666808,-2.429331515148243,0.015126693774267704,20000,20260972
Fixed training weights; daily target-weight rebalancing,Unconstrained,RIE_minus_Sample_daily_volatility_percentage_points,-0.0046192052433089575,42,-0.0071546428515223736,-0.0007962907818531402,20,0.001586216582585532,-2.912089870968097,0.0035901932373591373,20000,20260972
Fixed training weights; daily target-weight rebalancing,Long-only,RIE_minus_Sample_annualized_Sharpe,-0.011286046368613953,10,-0.026621537471043136,0.004393545699192185,20,0.006574134857379182,-1.7167348424478779,0.08602763088673979,20000,20261040
Fixed training weights; daily target-weight rebalancing,Long-only,RIE_minus_Sample_daily_volatility_percentage_points,-0.004702068215042647,10,-0.006732801084835213,-0.0021261668858981258,20,0.0013090879934855744,-3.591865664066578,0.00032831908975098023,20000,20261040
Fixed training weights; daily target-weight rebalancing,Long-only,RIE_minus_Sample_annualized_Sharpe,-0.011286046368613953,20,-0.024196741567327623,0.002785196238349935,20,0.006574134857379182,-1.7167348424478779,0.08602763088673979,20000,20261050
Fixed training weights; daily target-weight rebalancing,Long-only,RIE_minus_Sample_daily_volatility_percentage_points,-0.004702068215042647,20,-0.00675118225352791,-0.0017548127736156111,20,0.0013090879934855744,-3.591865664066578,0.00032831908975098023,20000,20261050
Fixed training weights; daily target-weight rebalancing,Long-only,RIE_minus_Sample_annualized_Sharpe,-0.011286046368613953,42,-0.023511548773262437,-0.0007411745283118945,20,0.006574134857379182,-1.7167348424478779,0.08602763088673979,20000,20261072
Fixed training weights; daily target-weight rebalancing,Long-only,RIE_minus_Sample_daily_volatility_percentage_points,-0.004702068215042647,42,-0.006669401745008198,-0.0015309796015133673,20,0.0013090879934855744,-3.591865664066578,0.00032831908975098023,20000,20261072
Fixed training weights; daily target-weight rebalancing,Long-only,RIE_minus_Equal-weight_1N_annualized_Sharpe,-0.4846083922287801,10,-1.0944205693965177,0.12269573407011078,20,0.293901943277235,-1.6488778087855427,0.09917267024293042,20000,20261240
Fixed training weights; daily target-weight rebalancing,Long-only,RIE_minus_Equal-weight_1N_daily_volatility_percentage_points,-0.10162867070993226,10,-0.15085091891221622,-0.04776051732867721,20,0.02789440018547126,-3.6433359396222236,0.0002691272153872651,20000,20261240
Fixed training weights; daily target-weight rebalancing,Long-only,RIE_minus_Equal-weight_1N_annualized_Sharpe,-0.4846083922287801,20,-1.068014714632618,0.05293193059946438,20,0.293901943277235,-1.6488778087855427,0.09917267024293042,20000,20261250
Fixed training weights; daily target-weight rebalancing,Long-only,RIE_minus_Equal-weight_1N_daily_volatility_percentage_points,-0.10162867070993226,20,-0.15600122085232634,-0.05019279285275269,20,0.02789440018547126,-3.6433359396222236,0.0002691272153872651,20000,20261250
Fixed training weights; daily target-weight rebalancing,Long-only,RIE_minus_Equal-weight_1N_annualized_Sharpe,-0.4846083922287801,42,-1.0213876855059114,0.015036809985269033,20,0.293901943277235,-1.6488778087855427,0.09917267024293042,20000,20261272
Fixed training weights; daily target-weight rebalancing,Long-only,RIE_minus_Equal-weight_1N_daily_volatility_percentage_points,-0.10162867070993226,42,-0.1578070860173799,-0.049521858950622645,20,0.02789440018547126,-3.6433359396222236,0.0002691272153872651,20000,20261272
Rolling 504-day lookback; 21-day buy-and-hold periods,Unconstrained,RIE_minus_Sample_annualized_Sharpe,0.09658343817382875,10,-0.07713643201504661,0.2455593922127091,20,0.08488713513867505,1.1377865210793856,0.2552096346408844,20000,20261090
Rolling 504-day lookback; 21-day buy-and-hold periods,Unconstrained,RIE_minus_Sample_daily_volatility_percentage_points,-0.06777024667282841,10,-0.15322536983317472,0.008438356611836692,20,0.051285663866512066,-1.3214267216901576,0.18635912101431096,20000,20261090
Rolling 504-day lookback; 21-day buy-and-hold periods,Unconstrained,RIE_minus_Sample_annualized_Sharpe,0.09658343817382875,21,-0.0782180716046491,0.23671662489747886,20,0.08488713513867505,1.1377865210793856,0.2552096346408844,20000,20261101
Rolling 504-day lookback; 21-day buy-and-hold periods,Unconstrained,RIE_minus_Sample_daily_volatility_percentage_points,-0.06777024667282841,21,-0.15371666822575353,0.009118686094800776,20,0.051285663866512066,-1.3214267216901576,0.18635912101431096,20000,20261101
Rolling 504-day lookback; 21-day buy-and-hold periods,Unconstrained,RIE_minus_Sample_annualized_Sharpe,0.09658343817382875,42,-0.08219246818006906,0.2144030830698681,20,0.08488713513867505,1.1377865210793856,0.2552096346408844,20000,20261122
Rolling 504-day lookback; 21-day buy-and-hold periods,Unconstrained,RIE_minus_Sample_daily_volatility_percentage_points,-0.06777024667282841,42,-0.1545936685547844,0.010663083490772076,20,0.051285663866512066,-1.3214267216901576,0.18635912101431096,20000,20261122
Rolling 504-day lookback; 21-day buy-and-hold periods,Long-only,RIE_minus_Sample_annualized_Sharpe,0.08982629207497306,10,-0.05545263525024894,0.19780158685919327,20,0.06642521746495639,1.352292028586316,0.1762819134546032,20000,20261140
Rolling 504-day lookback; 21-day buy-and-hold periods,Long-only,RIE_minus_Sample_daily_volatility_percentage_points,-0.05737428926922668,10,-0.13541300238547246,0.009286729127169975,20,0.046154785459888895,-1.2430843020403195,0.2138367698320629,20000,20261140
Rolling 504-day lookback; 21-day buy-and-hold periods,Long-only,RIE_minus_Sample_annualized_Sharpe,0.08982629207497306,21,-0.05248093936993461,0.18493773422041968,20,0.06642521746495639,1.352292028586316,0.1762819134546032,20000,20261151
Rolling 504-day lookback; 21-day buy-and-hold periods,Long-only,RIE_minus_Sample_daily_volatility_percentage_points,-0.05737428926922668,21,-0.13533733125953826,0.010255693184096986,20,0.046154785459888895,-1.2430843020403195,0.2138367698320629,20000,20261151
Rolling 504-day lookback; 21-day buy-and-hold periods,Long-only,RIE_minus_Sample_annualized_Sharpe,0.08982629207497306,42,-0.049431002965967925,0.16235328215358574,20,0.06642521746495639,1.352292028586316,0.1762819134546032,20000,20261172
Rolling 504-day lookback; 21-day buy-and-hold periods,Long-only,RIE_minus_Sample_daily_volatility_percentage_points,-0.05737428926922668,42,-0.13625352029824495,0.011519950747760145,20,0.046154785459888895,-1.2430843020403195,0.2138367698320629,20000,20261172
Rolling 504-day lookback; 21-day buy-and-hold periods,Long-only,RIE_minus_Equal-weight_1N_annualized_Sharpe,-1.4130748227588046,10,-2.455769111803835,-0.501947438854366,20,0.4382821194708951,-3.22412154177018,0.0012635975654984985,20000,20261340
Rolling 504-day lookback; 21-day buy-and-hold periods,Long-only,RIE_minus_Equal-weight_1N_daily_volatility_percentage_points,-0.1410092747070872,10,-0.35568549272573097,0.13013362949819202,20,0.1325973168397194,-1.0634398799904525,0.2875825155594739,20000,20261340
Rolling 504-day lookback; 21-day buy-and-hold periods,Long-only,RIE_minus_Equal-weight_1N_annualized_Sharpe,-1.4130748227588046,21,-2.333497337186211,-0.6412861971072523,20,0.4382821194708951,-3.22412154177018,0.0012635975654984985,20000,20261351
Rolling 504-day lookback; 21-day buy-and-hold periods,Long-only,RIE_minus_Equal-weight_1N_daily_volatility_percentage_points,-0.1410092747070872,21,-0.3634223738756317,0.13218378748832918,20,0.1325973168397194,-1.0634398799904525,0.2875825155594739,20000,20261351
Rolling 504-day lookback; 21-day buy-and-hold periods,Long-only,RIE_minus_Equal-weight_1N_annualized_Sharpe,-1.4130748227588046,42,-2.1507556793868354,-0.8303913822222619,20,0.4382821194708951,-3.22412154177018,0.0012635975654984985,20000,20261372
Rolling 504-day lookback; 21-day buy-and-hold periods,Long-only,RIE_minus_Equal-weight_1N_daily_volatility_percentage_points,-0.1410092747070872,42,-0.3811097240521843,0.13753939080745126,20,0.1325973168397194,-1.0634398799904525,0.2875825155594739,20000,20261372
