estimator,constraint,training_volatility_pct_per_day,holdout_annualized_mean_return_pct,holdout_volatility_pct_per_day,holdout_annualized_volatility_pct,holdout_annualized_sharpe_rf_8pct,effective_number_assets,shannon_effective_breadth,active_long_positions,maximum_weight,gross_exposure,mean_one_way_turnover_per_rebalance
Sample,Unconstrained,0.7092729126366649,5.695935293668035,0.6997940861383046,11.108886725254,-0.2074073454268014,10.57732736877577,25.36869314692033,27,0.14403857183482,1.398356497879708,0.007768841523663288
Sample,Long-only,0.7336738311198834,7.739337571827491,0.7041961888456542,11.178767939310465,-0.023317634786556567,13.719114365129188,16.618675216245954,21,0.1394400169645254,1.0,0.005168153352283252
Eigenvalue clipping,Unconstrained,0.7079481193364318,4.187891929297397,0.7084134433139311,11.245714778541686,-0.3389831723259255,9.503773066191565,27.10216744426701,24,0.15463405771122676,1.520830129984367,0.008556649331179307
Eigenvalue clipping,Long-only,0.7373715925775812,7.649810106449742,0.7053012530876867,11.196310290313473,-0.03127725871024004,13.246399883322368,16.028436102929895,22,0.14383340254312374,1.0,0.00506106737457546
Ledoit-Wolf,Unconstrained,0.7071409940592779,5.723671379242623,0.6964572182394964,11.05591558954527,-0.20589236615644269,10.90865132932981,25.569491548390484,27,0.13928433125243322,1.3846393981197251,0.007684008219764809
Ledoit-Wolf,Long-only,0.7301029663071614,7.759569817224785,0.7011682124079818,11.130700303531398,-0.02160063394204718,14.03865964690705,16.84555521872041,21,0.1349128606063788,1.0000000000000002,0.005173278703550935
RIE,Unconstrained,0.7097047472561114,5.437109105970328,0.6951748808949956,11.035559115282632,-0.23223933352687529,10.85055014339967,25.9105257009259,26,0.13829481700919638,1.3989458505284276,0.007792345665487632
RIE,Long-only,0.7339442123235428,7.615756401745825,0.6994941206306114,11.10412492044248,-0.03460368115517052,14.02597668202921,16.80609139247764,21,0.13429016843320962,1.0,0.005167751562502371
Equal-weight 1/N,Long-only,0.8938048797113988,13.722903436634118,0.8011227913405438,12.717430053077809,0.45000471107360956,37.0,37.00000000000004,37,0.02702702702702703,0.9999999999999998,0.006056818379398989
