design,estimator,constraint,one_way_cost_basis_points,mean_one_way_turnover_per_rebalance,gross_annualized_mean_return_pct,net_annualized_mean_return_pct,net_annualized_sharpe_rf_8pct,gross_annualized_sharpe_rf_8pct
Fixed holdout; daily target weights,Sample,Unconstrained,0,0.007768841523663288,5.695935293668035,5.695935293668035,-0.2074073454268014,-0.2074073454268014
Fixed holdout; daily target weights,Sample,Unconstrained,5,0.007768841523663288,5.695935293668035,5.598047890469878,-0.21621876465771145,-0.2074073454268014
Fixed holdout; daily target weights,Sample,Unconstrained,10,0.007768841523663288,5.695935293668035,5.500160487271721,-0.22503015351486733,-0.2074073454268014
Fixed holdout; daily target weights,Sample,Unconstrained,25,0.007768841523663288,5.695935293668035,5.206498277677247,-0.25146412237666543,-0.2074073454268014
Fixed holdout; daily target weights,Sample,Unconstrained,50,0.007768841523663288,5.695935293668035,4.717061261686462,-0.2955199853155575,-0.2074073454268014
Fixed holdout; daily target weights,Sample,Long-only,0,0.005168153352283252,7.739337571827491,7.739337571827491,-0.023317634786556567,-0.023317634786556567
Fixed holdout; daily target weights,Sample,Long-only,5,0.005168153352283252,7.739337571827491,7.674218839588722,-0.029142844702084225,-0.023317634786556567
Fixed holdout; daily target weights,Sample,Long-only,10,0.005168153352283252,7.739337571827491,7.609100107349952,-0.03496805129468689,-0.023317634786556567
Fixed holdout; daily target weights,Sample,Long-only,25,0.005168153352283252,7.739337571827491,7.413743910633645,-0.052443645679730845,-0.023317634786556567
Fixed holdout; daily target weights,Sample,Long-only,50,0.005168153352283252,7.739337571827491,7.088150249439804,-0.0815695189479821,-0.023317634786556567
Fixed holdout; daily target weights,Eigenvalue clipping,Unconstrained,0,0.008556649331179307,4.187891929297397,4.187891929297397,-0.3389831723259255,-0.3389831723259255
Fixed holdout; daily target weights,Eigenvalue clipping,Unconstrained,5,0.008556649331179307,4.187891929297397,4.080078147724539,-0.34857018180799026,-0.3389831723259255
Fixed holdout; daily target weights,Eigenvalue clipping,Unconstrained,10,0.008556649331179307,4.187891929297397,3.972264366151678,-0.3581571631012561,-0.3389831723259255
Fixed holdout; daily target weights,Eigenvalue clipping,Unconstrained,25,0.008556649331179307,4.187891929297397,3.6488230214331017,-0.38691791916939205,-0.3389831723259255
Fixed holdout; daily target weights,Eigenvalue clipping,Unconstrained,50,0.008556649331179307,4.187891929297397,3.109754113568804,-0.43485177450788737,-0.3389831723259255
Fixed holdout; daily target weights,Eigenvalue clipping,Long-only,0,0.00506106737457546,7.649810106449742,7.649810106449742,-0.03127725871024004,-0.03127725871024004
Fixed holdout; daily target weights,Eigenvalue clipping,Long-only,5,0.00506106737457546,7.649810106449742,7.586040657530092,-0.036972823698667355,-0.03127725871024004
Fixed holdout; daily target weights,Eigenvalue clipping,Long-only,10,0.00506106737457546,7.649810106449742,7.522271208610443,-0.04266838372089076,-0.03127725871024004
Fixed holdout; daily target weights,Eigenvalue clipping,Long-only,25,0.00506106737457546,7.649810106449742,7.330962861851491,-0.059755029092950405,-0.03127725871024004
Fixed holdout; daily target weights,Eigenvalue clipping,Long-only,50,0.00506106737457546,7.649810106449742,7.012115617253238,-0.08823262634711745,-0.03127725871024004
Fixed holdout; daily target weights,Ledoit-Wolf,Unconstrained,0,0.007684008219764809,5.723671379242623,5.723671379242623,-0.20589236615644269,-0.20589236615644269
Fixed holdout; daily target weights,Ledoit-Wolf,Unconstrained,5,0.007684008219764809,5.723671379242623,5.626852875673583,-0.21464932060349662,-0.20589236615644269
Fixed holdout; daily target weights,Ledoit-Wolf,Unconstrained,10,0.007684008219764809,5.723671379242623,5.530034372104549,-0.2234062447870577,-0.20589236615644269
Fixed holdout; daily target weights,Ledoit-Wolf,Unconstrained,25,0.007684008219764809,5.723671379242623,5.23957886139744,-0.24967682060295135,-0.20589236615644269
Fixed holdout; daily target weights,Ledoit-Wolf,Unconstrained,50,0.007684008219764809,5.723671379242623,4.755486343552257,-0.29346036692805183,-0.20589236615644269
Fixed holdout; daily target weights,Ledoit-Wolf,Long-only,0,0.005173278703550935,7.759569817224785,7.759569817224785,-0.02160063394204718,-0.02160063394204718
Fixed holdout; daily target weights,Ledoit-Wolf,Long-only,5,0.005173278703550935,7.759569817224785,7.694386505560045,-0.027456802369942898,-0.02160063394204718
Fixed holdout; daily target weights,Ledoit-Wolf,Long-only,10,0.005173278703550935,7.759569817224785,7.629203193895302,-0.03331296761224536,-0.02160063394204718
Fixed holdout; daily target weights,Ledoit-Wolf,Long-only,25,0.005173278703550935,7.759569817224785,7.433653258901077,-0.05088143873710973,-0.02160063394204718
Fixed holdout; daily target weights,Ledoit-Wolf,Long-only,50,0.005173278703550935,7.759569817224785,7.107736700577368,-0.08016210900785394,-0.02160063394204718
Fixed holdout; daily target weights,RIE,Unconstrained,0,0.007792345665487632,5.437109105970328,5.437109105970328,-0.23223933352687529,-0.23223933352687529
Fixed holdout; daily target weights,RIE,Unconstrained,5,0.007792345665487632,5.437109105970328,5.338925550585183,-0.24113613959005295,-0.23223933352687529
Fixed holdout; daily target weights,RIE,Unconstrained,10,0.007792345665487632,5.437109105970328,5.240741995200038,-0.250032915086864,-0.23223933352687529
Fixed holdout; daily target weights,RIE,Unconstrained,25,0.007792345665487632,5.437109105970328,4.9461913290446065,-0.27672304215525384,-0.23223933352687529
Fixed holdout; daily target weights,RIE,Unconstrained,50,0.007792345665487632,5.437109105970328,4.455273552118885,-0.32120582639038,-0.23223933352687529
Fixed holdout; daily target weights,RIE,Long-only,0,0.005167751562502371,7.615756401745825,7.615756401745825,-0.03460368115517052,-0.03460368115517052
Fixed holdout; daily target weights,RIE,Long-only,5,0.005167751562502371,7.615756401745825,7.550642732058294,-0.0404675919727686,-0.03460368115517052
Fixed holdout; daily target weights,RIE,Long-only,10,0.005167751562502371,7.615756401745825,7.485529062370763,-0.04633149944976564,-0.03460368115517052
Fixed holdout; daily target weights,RIE,Long-only,25,0.005167751562502371,7.615756401745825,7.290188053308176,-0.06392319623327178,-0.03460368115517052
Fixed holdout; daily target weights,RIE,Long-only,50,0.005167751562502371,7.615756401745825,6.964619704870525,-0.0932425717579024,-0.03460368115517052
Fixed holdout; daily target weights,Equal-weight 1/N,Long-only,0,0.006056818379398989,13.722903436634118,13.722903436634118,0.45000471107360956,0.45000471107360956
Fixed holdout; daily target weights,Equal-weight 1/N,Long-only,5,0.006056818379398989,13.722903436634118,13.646587525053688,0.4440029528088679,0.45000471107360956
Fixed holdout; daily target weights,Equal-weight 1/N,Long-only,10,0.006056818379398989,13.722903436634118,13.570271613473258,0.4380012101422185,0.45000471107360956
Fixed holdout; daily target weights,Equal-weight 1/N,Long-only,25,0.006056818379398989,13.722903436634118,13.341323878731979,0.41999607895647467,0.45000471107360956
Fixed holdout; daily target weights,Equal-weight 1/N,Long-only,50,0.006056818379398989,13.722903436634118,12.959744320829842,0.38998786904716926,0.45000471107360956
Rolling; 21-day buy-and-hold,Sample,Unconstrained,0,0.09528520682987303,-3.600973617449215,-3.600973617449215,-0.9332209727663289,-0.9332209727663289
Rolling; 21-day buy-and-hold,Sample,Unconstrained,5,0.09528520682987303,-3.600973617449215,-3.6558578965832216,-0.9376441482519843,-0.9332209727663289
Rolling; 21-day buy-and-hold,Sample,Unconstrained,10,0.09528520682987303,-3.600973617449215,-3.71074217571723,-0.9420657159745092,-0.9332209727663289
Rolling; 21-day buy-and-hold,Sample,Unconstrained,25,0.09528520682987303,-3.600973617449215,-3.875395013119249,-0.955320534869481,-0.9332209727663289
Rolling; 21-day buy-and-hold,Sample,Unconstrained,50,0.09528520682987303,-3.600973617449215,-4.149816408789283,-0.9773775299194846,-0.9332209727663289
Rolling; 21-day buy-and-hold,Sample,Long-only,0,0.05953258218395896,-0.7998863660395638,-0.7998863660395638,-0.735759906909328,-0.735759906909328
Rolling; 21-day buy-and-hold,Sample,Long-only,5,0.05953258218395896,-0.7998863660395638,-0.8341771333775237,-0.7386350515312665,-0.735759906909328
Rolling; 21-day buy-and-hold,Sample,Long-only,10,0.05953258218395896,-0.7998863660395638,-0.8684679007154842,-0.7415096771463506,-0.735759906909328
Rolling; 21-day buy-and-hold,Sample,Long-only,25,0.05953258218395896,-0.7998863660395638,-0.9713402027293672,-0.7501303719455793,-0.735759906909328
Rolling; 21-day buy-and-hold,Sample,Long-only,50,0.05953258218395896,-0.7998863660395638,-1.1427940394191685,-0.7644871822780833,-0.735759906909328
Rolling; 21-day buy-and-hold,Eigenvalue clipping,Unconstrained,0,0.07271063666686174,-2.258996871619747,-2.258996871619747,-0.9235570727790329,-0.9235570727790329
Rolling; 21-day buy-and-hold,Eigenvalue clipping,Unconstrained,5,0.07271063666686174,-2.258996871619747,-2.3008781983398587,-0.9273414949547882,-0.9235570727790329
Rolling; 21-day buy-and-hold,Eigenvalue clipping,Unconstrained,10,0.07271063666686174,-2.258996871619747,-2.3427595250599715,-0.9311246673579966,-0.9235570727790329
Rolling; 21-day buy-and-hold,Eigenvalue clipping,Unconstrained,25,0.07271063666686174,-2.258996871619747,-2.4684035052203077,-0.9424665185723619,-0.9235570727790329
Rolling; 21-day buy-and-hold,Eigenvalue clipping,Unconstrained,50,0.07271063666686174,-2.258996871619747,-2.6778101388208704,-0.9613430488513043,-0.9235570727790329
Rolling; 21-day buy-and-hold,Eigenvalue clipping,Long-only,0,0.052512589739469075,-1.1402322117320214,-1.1402322117320214,-0.8352431742647569,-0.8352431742647569
Rolling; 21-day buy-and-hold,Eigenvalue clipping,Long-only,5,0.052512589739469075,-1.1402322117320214,-1.1704794634219564,-0.8380207287620381,-0.8352431742647569
Rolling; 21-day buy-and-hold,Eigenvalue clipping,Long-only,10,0.052512589739469075,-1.1402322117320214,-1.2007267151118903,-0.8407977320551973,-0.8352431742647569
Rolling; 21-day buy-and-hold,Eigenvalue clipping,Long-only,25,0.052512589739469075,-1.1402322117320214,-1.2914684701816945,-0.8491253706702174,-0.8352431742647569
Rolling; 21-day buy-and-hold,Eigenvalue clipping,Long-only,50,0.052512589739469075,-1.1402322117320214,-1.4427047286313628,-0.8629931470803938,-0.8352431742647569
Rolling; 21-day buy-and-hold,Ledoit-Wolf,Unconstrained,0,0.07300030529471864,3.475547589501811,3.475547589501811,-0.3854638324208442,-0.3854638324208442
Rolling; 21-day buy-and-hold,Ledoit-Wolf,Unconstrained,5,0.07300030529471864,3.475547589501811,3.4334994136520547,-0.38904018404326796,-0.3854638324208442
Rolling; 21-day buy-and-hold,Ledoit-Wolf,Unconstrained,10,0.07300030529471864,3.475547589501811,3.391451237802295,-0.39261573497300145,-0.3854638324208442
Rolling; 21-day buy-and-hold,Ledoit-Wolf,Unconstrained,25,0.07300030529471864,3.475547589501811,3.265306710253022,-0.4033373956921872,-0.3854638324208442
Rolling; 21-day buy-and-hold,Ledoit-Wolf,Unconstrained,50,0.07300030529471864,3.475547589501811,3.055065831004231,-0.4211890648767204,-0.3854638324208442
Rolling; 21-day buy-and-hold,Ledoit-Wolf,Long-only,0,0.053282755662729664,4.630479245412287,4.630479245412287,-0.2935781176479782,-0.2935781176479782
Rolling; 21-day buy-and-hold,Ledoit-Wolf,Long-only,5,0.053282755662729664,4.630479245412287,4.599788378150555,-0.2962495633832116,-0.2935781176479782
Rolling; 21-day buy-and-hold,Ledoit-Wolf,Long-only,10,0.053282755662729664,4.630479245412287,4.569097510888822,-0.29892068403334304,-0.2935781176479782
Rolling; 21-day buy-and-hold,Ledoit-Wolf,Long-only,25,0.053282755662729664,4.630479245412287,4.477024909103626,-0.3069320209650688,-0.2935781176479782
Rolling; 21-day buy-and-hold,Ledoit-Wolf,Long-only,50,0.053282755662729664,4.630479245412287,4.323570572794964,-0.3202770525850798,-0.2935781176479782
Rolling; 21-day buy-and-hold,RIE,Unconstrained,0,0.07783981985414552,-1.5002633461312058,-1.5002633461312058,-0.8366375345925001,-0.8366375345925001
Rolling; 21-day buy-and-hold,RIE,Unconstrained,5,0.07783981985414552,-1.5002633461312058,-1.545099082367194,-0.8405912516080446,-0.8366375345925001
Rolling; 21-day buy-and-hold,RIE,Unconstrained,10,0.07783981985414552,-1.5002633461312058,-1.5899348186031819,-0.8445438339469292,-0.8366375345925001
Rolling; 21-day buy-and-hold,RIE,Unconstrained,25,0.07783981985414552,-1.5002633461312058,-1.7244420273111434,-0.8563946063569227,-0.8366375345925001
Rolling; 21-day buy-and-hold,RIE,Unconstrained,50,0.07783981985414552,-1.5002633461312058,-1.9486207084910834,-0.876121647938972,-0.8366375345925001
Rolling; 21-day buy-and-hold,RIE,Long-only,0,0.05052512877903507,0.862769222403335,0.862769222403335,-0.645933614834355,-0.645933614834355
Rolling; 21-day buy-and-hold,RIE,Long-only,5,0.05052512877903507,0.862769222403335,0.8336667482266114,-0.6485729968649926,-0.645933614834355
Rolling; 21-day buy-and-hold,RIE,Long-only,10,0.05052512877903507,0.862769222403335,0.8045642740498867,-0.65121200213022,-0.645933614834355
Rolling; 21-day buy-and-hold,RIE,Long-only,25,0.05052512877903507,0.862769222403335,0.7172568515197129,-0.6591267058566039,-0.645933614834355
Rolling; 21-day buy-and-hold,RIE,Long-only,50,0.05052512877903507,0.862769222403335,0.5717444806360921,-0.6723098632861756,-0.645933614834355
Rolling; 21-day buy-and-hold,Equal-weight 1/N,Long-only,0,0.02807276237451085,18.19372111041569,18.19372111041569,0.7671412079244495,0.7671412079244495
Rolling; 21-day buy-and-hold,Equal-weight 1/N,Long-only,5,0.02807276237451085,18.19372111041569,18.177551199287972,0.7659259217099743,0.7671412079244495
Rolling; 21-day buy-and-hold,Equal-weight 1/N,Long-only,10,0.02807276237451085,18.19372111041569,18.161381288160257,0.7647105322315388,0.7671412079244495
Rolling; 21-day buy-and-hold,Equal-weight 1/N,Long-only,25,0.02807276237451085,18.19372111041569,18.1128715547771,0.7610637488827269,0.7671412079244495
Rolling; 21-day buy-and-hold,Equal-weight 1/N,Long-only,50,0.02807276237451085,18.19372111041569,18.032021999138507,0.7549837549629708,0.7671412079244495
