economatica_ticker,bloomberg_sheet
MFRISCOA-1,MFRISCOA MM Equity
RA,RA MM Equity
SIMECB,SIMECB MM Equity
ICHB,ICHB MM Equity
GENTERA,GENTERA  MM Equity
SORIANAB,SORIANAB MM Equity
ELEKTRA,ELEKTRA  MM Equity
CHDRAUIB,CHDRAUIB MM Equity
LIVEPOLC-1,LIVEPOLC MM Equity
AUTLANB,AUTLANB MM Equity
HERDEZ,HERDEZ  MM Equity
GAPB,GAPB MM Equity
OMAB,OMAB MM Equity
MEGACPO,MEGACPO MM Equity
PINFRA,PINFRA  MM Equity
LABB,LABB MM Equity
ALSEA,ALSEA  MM Equity
ARA,ARA  MM Equity
ASURB,ASURB MM Equity
AMXB,AMXB MM Equity
AC,AC  MM Equity
AXTELCPO,AXTELCPO MM Equity
KIMBERA,KIMBERA MM Equity
CEMEXCPO,CEMEXCPO MM Equity
BIMBOA,BIMBOA MM Equity
BOLSAA,BOLSAA MM Equity
GCARSOA1,GCARSOA1 MM Equity
FEMSAUBD,FEMSAUBD MM Equity
GFNORTEO,GFNORTEO MM Equity
GFINBURO,GFINBURO MM Equity
ORBIA,ORBIA  MM Equity
GRUMAB,GRUMAB MM Equity
GMEXICOB,GMEXICOB MM Equity
PE&OLES,PE&OLES  MM Equity
TLEVISACPO,TLEVICPO MM Equity
SIGMAFA,SIGMAFA MM Equity
WALMEX,WALMEX  MM Equity
